"Profile_key","Age","T_stage","N_stage","M_stage","Surgery","Radiation","Risk_36m","Risk_60m","Risk_120m","Linear_predictor"
"<55|T1|N0|M0|No|No","<55","T1","N0","M0","No","No",0.0107924137235891,0.0174275682059839,0.0329797814223435,0
"55-69|T1|N0|M0|No|No","55-69","T1","N0","M0","No","No",0.0169842482258822,0.027373103007621,0.0515646729429144,0.456575094893659
">=70|T1|N0|M0|No|No",">=70","T1","N0","M0","No","No",0.0410747713973303,0.0656983182521682,0.121574982923693,1.35202780398171
"<55|T2|N0|M0|No|No","<55","T2","N0","M0","No","No",0.0161653781476276,0.0260600291936852,0.0491208076586999,0.406745383215017
"55-69|T2|N0|M0|No|No","55-69","T2","N0","M0","No","No",0.0253999723112734,0.0408285351885809,0.0764351404959976,0.863320478108676
">=70|T2|N0|M0|No|No",">=70","T2","N0","M0","No","No",0.0610507618450516,0.0970286256692775,0.176907083499551,1.75877318719673
"<55|T3|N0|M0|No|No","<55","T3","N0","M0","No","No",0.0293068781406356,0.047050656000364,0.0878294988753456,1.00839373925482
"55-69|T3|N0|M0|No|No","55-69","T3","N0","M0","No","No",0.0458716040040447,0.0732589564940687,0.135084467414598,1.46496883414848
">=70|T3|N0|M0|No|No",">=70","T3","N0","M0","No","No",0.108608590872057,0.169959109787219,0.29905550860859,2.36042154323653
"<55|T4|N0|M0|No|No","<55","T4","N0","M0","No","No",0.047134717566975,0.0752459286765256,0.138618292807095,1.49278949249243
"55-69|T4|N0|M0|No|No","55-69","T4","N0","M0","No","No",0.073388007983521,0.116173391600117,0.209874481428125,1.94936458738609
">=70|T4|N0|M0|No|No",">=70","T4","N0","M0","No","No",0.170242086359594,0.260934752291978,0.438286832851751,2.84481729647415
"<55|T1|N1|M0|No|No","<55","T1","N1","M0","No","No",0.0325683869275841,0.052233040563785,0.0972684432131112,1.11558759765958
"55-69|T1|N1|M0|No|No","55-69","T1","N1","M0","No","No",0.0509276249709489,0.081202638721658,0.149171030655524,1.57216269255323
">=70|T1|N1|M0|No|No",">=70","T1","N1","M0","No","No",0.120129641290078,0.187271307480735,0.326678123238467,2.46761540164129
"<55|T2|N1|M0|No|No","<55","T2","N1","M0","No","No",0.0485131738885131,0.0774124801807463,0.142463654462185,1.52233298087459
"55-69|T2|N1|M0|No|No","55-69","T2","N1","M0","No","No",0.0755032770328907,0.119440046812535,0.215435623910551,1.97890807576825
">=70|T2|N1|M0|No|No",">=70","T2","N1","M0","No","No",0.174872192259978,0.267605058409361,0.44791748427768,2.87436078485631
"<55|T3|N1|M0|No|No","<55","T3","N1","M0","No","No",0.0867653567892618,0.136754230024208,0.244599009784416,2.12398133691439
"55-69|T3|N1|M0|No|No","55-69","T3","N1","M0","No","No",0.133491041497563,0.207173505112029,0.357779714889865,2.58055643180805
">=70|T3|N1|M0|No|No",">=70","T3","N1","M0","No","No",0.295889506510208,0.433573763175625,0.661837772323025,3.47600914089611
"<55|T4|N1|M0|No|No","<55","T4","N1","M0","No","No",0.136986565948382,0.212348973878011,0.365752824881682,2.60837709015201
"55-69|T4|N1|M0|No|No","55-69","T4","N1","M0","No","No",0.207510337842165,0.313964489695392,0.51265796519374,3.06495218504567
">=70|T4|N1|M0|No|No",">=70","T4","N1","M0","No","No",0.434162791289557,0.602530498850332,0.827940472273945,3.96040489413372
"<55|T1|N0|M1|No|No","<55","T1","N0","M1","No","No",0.0668397718732934,0.106031486501747,0.192489914901827,1.85242399066794
"55-69|T1|N0|M1|No|No","55-69","T1","N0","M1","No","No",0.103456949559112,0.162172831248733,0.286459908260365,2.3089990855616
">=70|T1|N0|M1|No|No",">=70","T1","N0","M1","No","No",0.23462704088427,0.351592618242953,0.562374000274273,3.20445179464965
"<55|T2|N0|M1|No|No","<55","T2","N0","M1","No","No",0.0986850026797347,0.154935626707497,0.274656866622929,2.25916937388296
"55-69|T2|N0|M1|No|No","55-69","T2","N0","M1","No","No",0.15127776238227,0.233373214123555,0.39765419184719,2.71574446877661
">=70|T2|N0|M1|No|No",">=70","T2","N0","M1","No","No",0.330752870324382,0.478312579538861,0.710955305405711,3.61119717786467
"<55|T3|N0|M1|No|No","<55","T3","N0","M1","No","No",0.172735934278315,0.264530360726231,0.443488050698372,2.86081772992276
"55-69|T3|N0|M1|No|No","55-69","T3","N0","M1","No","No",0.258709733622159,0.384325198120076,0.603547388282699,3.31739282481641
">=70|T3|N0|M1|No|No",">=70","T3","N0","M1","No","No",0.519521862900731,0.695042966338099,0.896200832658482,4.21284553390447
"<55|T4|N0|M1|No|No","<55","T4","N0","M1","No","No",0.264943871632861,0.392692401616911,0.613761332345302,3.34521348316037
"55-69|T4|N0|M1|No|No","55-69","T4","N0","M1","No","No",0.384871573326912,0.544931847123448,0.777265987520035,3.80178857805403
">=70|T4|N0|M1|No|No",">=70","T4","N0","M1","No","No",0.695705166456169,0.85451462802281,0.974701667996755,4.69724128714209
"<55|T1|N1|M1|No|No","<55","T1","N1","M1","No","No",0.190297286764889,0.289659548105101,0.47919526273801,2.96801158832751
"55-69|T1|N1|M1|No|No","55-69","T1","N1","M1","No","No",0.283398900886075,0.417204107581555,0.642951990703291,3.42458668322117
">=70|T1|N1|M1|No|No",">=70","T1","N1","M1","No","No",0.557763082979774,0.733387661373485,0.919670293639363,4.32003939230923
"<55|T2|N1|M1|No|No","<55","T2","N1","M1","No","No",0.271696786164097,0.4017063511434,0.624622757745908,3.37475697154253
"55-69|T2|N1|M1|No|No","55-69","T2","N1","M1","No","No",0.393769056625499,0.555548752258633,0.787073152341194,3.83133206643619
">=70|T2|N1|M1|No|No",">=70","T2","N1","M1","No","No",0.706369228496978,0.862685274317497,0.977342612480223,4.72678477552425
"<55|T3|N1|M1|No|No","<55","T3","N1","M1","No","No",0.439336049456546,0.608401580360353,0.832755866601153,3.97640532758233
"55-69|T3|N1|M1|No|No","55-69","T3","N1","M1","No","No",0.598867906139201,0.772367067570678,0.940579445142642,4.43298042247599
">=70|T3|N1|M1|No|No",">=70","T3","N1","M1","No","No",0.893175356576228,0.973317523309021,0.999004473760324,5.32843313156405
"<55|T4|N1|M1|No|No","<55","T4","N1","M1","No","No",0.609073018823715,0.781675798287526,0.945128364607917,4.46080108081995
"55-69|T4|N1|M1|No|No","55-69","T4","N1","M1","No","No",0.772982914627444,0.90949596913449,0.989770332175938,4.91737617571361
">=70|T4|N1|M1|No|No",">=70","T4","N1","M1","No","No",0.97349392496852,0.997210927112252,0.999986595288706,5.81282888480166
"<55|T1|N0|M0|Yes|No","<55","T1","N0","M0","Yes","No",0.00392066705175032,0.00634464774323651,0.012067462003378,-1.01603873627615
"55-69|T1|N0|M0|Yes|No","55-69","T1","N0","M0","Yes","No",0.00618236737056088,0.00999762592600417,0.0189837679391938,-0.559463641382494
">=70|T1|N0|M0|Yes|No",">=70","T1","N0","M0","Yes","No",0.0150694674988759,0.0243016546570667,0.0458434723159591,0.335989067705561
"<55|T2|N0|M0|Yes|No","<55","T2","N0","M0","Yes","No",0.00588273699264552,0.00951397485150907,0.0180693829120859,-0.609293353061137
"55-69|T2|N0|M0|Yes|No","55-69","T2","N0","M0","Yes","No",0.00927100989017871,0.0149779135279824,0.0283758637345344,-0.152718258167478
">=70|T2|N0|M0|Yes|No",">=70","T2","N0","M0","Yes","No",0.0225473488854141,0.0362756748148744,0.0680550166184856,0.742734450920578
"<55|T3|N0|M0|Yes|No","<55","T3","N0","M0","Yes","No",0.0107106620960794,0.017295997002013,0.0327327689123642,-0.00764499702133681
"55-69|T3|N0|M0|Yes|No","55-69","T3","N0","M0","Yes","No",0.0168559951249019,0.0271674914994788,0.0511821907198196,0.448930097872322
">=70|T3|N0|M0|Yes|No",">=70","T3","N0","M0","Yes","No",0.0407684175439375,0.0652146529513165,0.120707371565127,1.34438280696038
"<55|T4|N0|M0|Yes|No","<55","T4","N0","M0","Yes","No",0.0173273805899848,0.027923120673939,0.0525874650511728,0.476750756216278
"55-69|T4|N0|M0|Yes|No","55-69","T4","N0","M0","Yes","No",0.0272165373165896,0.0437235166325888,0.0817449928430269,0.933325851109937
">=70|T4|N0|M0|Yes|No",">=70","T4","N0","M0","Yes","No",0.0653300381518008,0.103686932018045,0.188445429639682,1.82877856019799
"<55|T1|N1|M0|Yes|No","<55","T1","N1","M0","Yes","No",0.0119153262575891,0.0192341029021483,0.0363683442614068,0.0995488613834223
"55-69|T1|N1|M0|Yes|No","55-69","T1","N1","M0","Yes","No",0.0187452683885053,0.0301946345267236,0.05680592453732,0.556123956277081
">=70|T1|N1|M0|Yes|No",">=70","T1","N1","M0","Yes","No",0.0452754078420184,0.0723205282535154,0.133413082059379,1.45157666536514
"<55|T2|N1|M0|Yes|No","<55","T2","N1","M0","Yes","No",0.0178422663325738,0.028748223777659,0.0541208110632833,0.506294244598439
"55-69|T2|N1|M0|Yes|No","55-69","T2","N1","M0","Yes","No",0.0280210638764962,0.0450045854075648,0.0840900256973527,0.962869339492098
">=70|T2|N1|M0|Yes|No",">=70","T2","N1","M0","Yes","No",0.0672215649280686,0.106624022978746,0.193510550994994,1.85832204858015
"<55|T3|N1|M0|Yes|No","<55","T3","N1","M0","Yes","No",0.0323244039121822,0.0518457374198452,0.0965646430952151,1.10794260063824
"55-69|T3|N1|M0|Yes|No","55-69","T3","N1","M0","Yes","No",0.0505497410755953,0.0806098381909989,0.148123615228914,1.5645176955319
">=70|T3|N1|M0|Yes|No",">=70","T3","N1","M0","Yes","No",0.119271629747842,0.185986827000981,0.324646810979607,2.45997040461995
"<55|T4|N1|M0|Yes|No","<55","T4","N1","M0","Yes","No",0.0519381302311654,0.0827871368058526,0.151967660566846,1.59233835387585
"55-69|T4|N1|M0|Yes|No","55-69","T4","N1","M0","Yes","No",0.0807512660060479,0.127524616143348,0.229118385685206,2.04891344876951
">=70|T4|N1|M0|Yes|No",">=70","T4","N1","M0","Yes","No",0.18629338185613,0.283959665113087,0.471194838571093,2.94436615785757
"<55|T1|N0|M1|Yes|No","<55","T1","N0","M1","Yes","No",0.0247333685465155,0.0397653574653067,0.0744814484184104,0.836385254391785
"55-69|T1|N0|M1|Yes|No","55-69","T1","N0","M1","Yes","No",0.0387651369967705,0.0620495526272213,0.115019675399728,1.29296034928544
">=70|T1|N0|M1|Yes|No",">=70","T1","N0","M1","Yes","No",0.0922651137518161,0.14516158314351,0.258570382907008,2.1884130583735
"<55|T2|N0|M1|Yes|No","<55","T2","N0","M1","Yes","No",0.0369160467913452,0.0591244332560493,0.109747715424558,1.2431306376068
"55-69|T2|N0|M1|Yes|No","55-69","T2","N0","M1","Yes","No",0.0576520823470199,0.0917270464156833,0.16766444211842,1.69970573250046
">=70|T2|N0|M1|Yes|No",">=70","T2","N0","M1","Yes","No",0.135315344272538,0.209876184149252,0.361949260492165,2.59515844158852
"<55|T3|N0|M1|Yes|No","<55","T3","N0","M1","Yes","No",0.066348005112093,0.105268051068399,0.191174002358718,1.8447789936466
"55-69|T3|N0|M1|Yes|No","55-69","T3","N0","M1","Yes","No",0.10271096755317,0.161043035712883,0.284623411504598,2.30135408854026
">=70|T3|N0|M1|Yes|No",">=70","T3","N0","M1","Yes","No",0.233066834151922,0.349449690405368,0.559611043124986,3.19680679762832
"<55|T4|N0|M1|Yes|No","<55","T4","N0","M1","Yes","No",0.10545020269537,0.165188768509055,0.291351350936546,2.32917474688422
"55-69|T4|N0|M1|Yes|No","55-69","T4","N0","M1","Yes","No",0.161312649598097,0.248005404662868,0.419393825921749,2.78574984177788
">=70|T4|N0|M1|Yes|No",">=70","T4","N0","M1","Yes","No",0.349961457718872,0.502356110637273,0.735833678466577,3.68120255086593
"<55|T1|N1|M1|Yes|No","<55","T1","N1","M1","Yes","No",0.0735724432081624,0.116458403104679,0.210360428075154,1.95197285205136
"55-69|T1|N1|M1|Yes|No","55-69","T1","N1","M1","Yes","No",0.113647131382119,0.177547496971663,0.311228254652734,2.40854794694502
">=70|T1|N1|M1|Yes|No",">=70","T1","N1","M1","Yes","No",0.255751737697368,0.38033978224641,0.598637769595204,3.30400065603308
"<55|T2|N1|M1|Yes|No","<55","T2","N1","M1","Yes","No",0.108434159304989,0.169695926289809,0.298631508464454,2.35871823526638
"55-69|T2|N1|M1|Yes|No","55-69","T2","N1","M1","Yes","No",0.165724863665691,0.254404783009407,0.428782079886641,2.81529333016004
">=70|T2|N1|M1|Yes|No",">=70","T2","N1","M1","Yes","No",0.358302671133836,0.512661169794169,0.746170034323317,3.71074603924809
"<55|T3|N1|M1|Yes|No","<55","T3","N1","M1","Yes","No",0.188994549580944,0.287806910276213,0.476601243211962,2.96036659130618
"55-69|T3|N1|M1|Yes|No","55-69","T3","N1","M1","Yes","No",0.28157794761125,0.414802754718947,0.640140491631325,3.41694168619984
">=70|T3|N1|M1|Yes|No",">=70","T3","N1","M1","Yes","No",0.555006536594533,0.730689892427282,0.918112714205889,4.31239439528789
"<55|T4|N1|M1|Yes|No","<55","T4","N1","M1","Yes","No",0.288249234490144,0.42358194528692,0.650368195668345,3.44476234454379
"55-69|T4|N1|M1|Yes|No","55-69","T4","N1","M1","Yes","No",0.415376415582196,0.580930099956209,0.809665391467018,3.90133743943745
">=70|T4|N1|M1|Yes|No",">=70","T4","N1","M1","Yes","No",0.731335825294292,0.881097884720552,0.982783708363472,4.79679014852551
"<55|T1|N0|M0|No|Yes","<55","T1","N0","M0","No","Yes",0.0161158292604586,0.0259805548499011,0.0489727956614656,0.403650439599066
"55-69|T1|N0|M0|No|Yes","55-69","T1","N0","M0","No","Yes",0.0253224846425032,0.0407049719426337,0.0762081819306393,0.860225534492726
">=70|T1|N0|M0|No|Yes",">=70","T1","N0","M0","No","Yes",0.0608679672009342,0.0967437877999677,0.17641175250972,1.75567824358078
"<55|T2|N0|M0|No|Yes","<55","T2","N0","M0","No","Yes",0.0241065546774079,0.0387652300739109,0.0726418246859187,0.810395822814083
"55-69|T2|N0|M0|No|Yes","55-69","T2","N0","M0","No","Yes",0.0377896678569292,0.0605068695111608,0.112241145005717,1.26697091770774
">=70|T2|N0|M0|No|Yes",">=70","T2","N0","M0","No","Yes",0.0900080057934581,0.141715004721333,0.252857853096142,2.1624236267958
"<55|T3|N0|M0|No|Yes","<55","T3","N0","M0","No","Yes",0.0435592759777067,0.0696172631687795,0.128589858992259,1.41204417885388
"55-69|T3|N0|M0|No|Yes","55-69","T3","N0","M0","No","Yes",0.0678931669469389,0.107665973150406,0.195303806638642,1.86861927374754
">=70|T3|N0|M0|No|Yes",">=70","T3","N0","M0","No","Yes",0.158142748920707,0.243394937277611,0.412584895903551,2.7640719828356
"<55|T4|N0|M0|No|Yes","<55","T4","N0","M0","No","Yes",0.0697401436604577,0.110529045592374,0.200221537733094,1.8964399320915
"55-69|T4|N0|M0|No|Yes","55-69","T4","N0","M0","No","Yes",0.107852019091162,0.168817358157585,0.297215213474836,2.35301502698516
">=70|T4|N0|M0|No|Yes",">=70","T4","N0","M0","No","Yes",0.243781114432554,0.364111027196273,0.57834902379039,3.24846773607321
"<55|T1|N1|M0|No|Yes","<55","T1","N1","M0","No","Yes",0.048366945883618,0.0771827425052825,0.142056286393163,1.51923803725864
"55-69|T1|N1|M0|No|Yes","55-69","T1","N1","M0","No","Yes",0.0752789712318789,0.119093866066811,0.214847172293706,1.9758131321523
">=70|T1|N1|M0|No|Yes",">=70","T1","N1","M0","No","Yes",0.174381936357475,0.266899873310776,0.446903077347612,2.87126584124036
"<55|T2|N1|M0|No|Yes","<55","T2","N1","M0","No","Yes",0.0717543903814504,0.113647393268954,0.205561420527158,1.92598342047366
"55-69|T2|N1|M0|No|Yes","55-69","T2","N1","M0","No","Yes",0.110899640991457,0.173412895598675,0.304608403353857,2.38255851536732
">=70|T2|N1|M0|No|Yes",">=70","T2","N1","M0","No","Yes",0.250090494103588,0.372684766538879,0.589126984828183,3.27801122445537
"<55|T3|N1|M0|No|Yes","<55","T3","N1","M0","No","Yes",0.127067295910367,0.197628724192143,0.342951202158317,2.52763177651346
"55-69|T3|N1|M0|No|Yes","55-69","T3","N1","M0","No","Yes",0.193083095274596,0.293615077029305,0.484713174936698,2.98420687140712
">=70|T3|N1|M0|No|Yes",">=70","T3","N1","M0","No","Yes",0.408607828681992,0.573040798478668,0.802772166455519,3.87965958049517
"<55|T4|N1|M0|No|Yes","<55","T4","N1","M0","No","Yes",0.197952043301502,0.300508102289637,0.494262011245327,3.01202752975107
"55-69|T4|N1|M0|No|Yes","55-69","T4","N1","M0","No","Yes",0.294064375383354,0.431192970135765,0.659121386310691,3.46860262464473
">=70|T4|N1|M0|No|Yes",">=70","T4","N1","M0","No","Yes",0.573705413070902,0.748785084309475,0.928287198659689,4.36405533373279
"<55|T1|N0|M1|No|Yes","<55","T1","N0","M1","No","Yes",0.0983955719075179,0.15449590559486,0.273936764175585,2.25607443026701
"55-69|T1|N0|M1|No|Yes","55-69","T1","N0","M1","No","Yes",0.150847471565123,0.232743381818967,0.396709893063454,2.71264952516066
">=70|T1|N0|M1|No|Yes",">=70","T1","N0","M1","No","Yes",0.32992180985076,0.477262554064993,0.709844567408723,3.60810223424872
"<55|T2|N0|M1|No|Yes","<55","T2","N0","M1","No","Yes",0.144071256545926,0.222798705986062,0.381706739220513,2.66281981348202
"55-69|T2|N0|M1|No|Yes","55-69","T2","N0","M1","No","Yes",0.217756259599268,0.328277552189887,0.531868834209879,3.11939490837568
">=70|T2|N0|M1|No|Yes",">=70","T2","N0","M1","No","Yes",0.451907197096646,0.622528593631051,0.844075834733091,4.01484761746374
"<55|T3|N0|M1|No|Yes","<55","T3","N0","M1","No","Yes",0.247181627205573,0.36873747820856,0.584181381055455,3.26446816952182
"55-69|T3|N0|M1|No|Yes","55-69","T3","N0","M1","No","Yes",0.361242492301565,0.516273438582265,0.749746789662128,3.72104326441548
">=70|T3|N0|M1|No|Yes",">=70","T3","N0","M1","No","Yes",0.666284678747501,0.831049059923799,0.966351454252559,4.61649597350354
"<55|T4|N0|M1|No|Yes","<55","T4","N0","M1","No","Yes",0.369268820839008,0.526083205035176,0.75933818622185,3.74886392275944
"55-69|T4|N0|M1|No|Yes","55-69","T4","N0","M1","No","Yes",0.516916047643051,0.692358770906514,0.894451144564564,4.2054390176531
">=70|T4|N0|M1|No|Yes",">=70","T4","N0","M1","No","Yes",0.831598069274508,0.944216503164392,0.995935747530248,5.10089172674115
"<55|T1|N1|M1|No|Yes","<55","T1","N1","M1","No","Yes",0.270982919823997,0.400755905639983,0.623484463822095,3.37166202792658
"55-69|T1|N1|M1|No|Yes","55-69","T1","N1","M1","No","Yes",0.39283073019104,0.554433624762438,0.786052951561548,3.82823712282024
">=70|T1|N1|M1|No|Yes",">=70","T1","N1","M1","No","Yes",0.705255205254808,0.861840197083273,0.977075889344097,4.7236898319083
"<55|T2|N1|M1|No|Yes","<55","T2","N1","M1","No","Yes",0.377924945542655,0.536576259825958,0.769400076854054,3.7784074111416
"55-69|T2|N1|M1|No|Yes","55-69","T2","N1","M1","No","Yes",0.527340628537409,0.703042738827212,0.901332860567949,4.23498250603526
">=70|T2|N1|M1|No|Yes",">=70","T2","N1","M1","No","Yes",0.840357073191162,0.948841161179418,0.996554217884411,5.13043521512331
"<55|T3|N1|M1|No|Yes","<55","T3","N1","M1","No","Yes",0.579527728473986,0.754320636185186,0.931271247230241,4.3800557671814
"55-69|T3|N1|M1|No|Yes","55-69","T3","N1","M1","No","Yes",0.745311116647466,0.890956279474634,0.98540381444628,4.83663086207506
">=70|T3|N1|M1|No|Yes",">=70","T3","N1","M1","No","Yes",0.964872378933506,0.995598313168874,0.999967993147652,5.73208357116311
"<55|T4|N1|M1|No|Yes","<55","T4","N1","M1","No","Yes",0.754951087974303,0.89756457903768,0.98704461740502,4.86445152041901
"55-69|T4|N1|M1|No|Yes","55-69","T4","N1","M1","No","Yes",0.891397696646566,0.972594403392008,0.998952378150496,5.32102661531267
">=70|T4|N1|M1|No|Yes",">=70","T4","N1","M1","No","Yes",0.995641812597608,0.999850329242744,0.999999949401483,6.21647932440073
"<55|T1|N0|M0|Yes|Yes","<55","T1","N0","M0","Yes","Yes",0.00586461180858966,0.00948471502191151,0.0180140516218462,-0.612388296677087
"55-69|T1|N0|M0|Yes|Yes","55-69","T1","N0","M0","Yes","Yes",0.00924249379757158,0.0149319766828946,0.0282894299727194,-0.155813201783428
">=70|T1|N0|M0|Yes|Yes",">=70","T1","N0","M0","Yes","Yes",0.0224784630234071,0.0361656291710455,0.0678520177838933,0.739639507304628
"<55|T2|N0|M0|Yes|Yes","<55","T2","N0","M0","Yes","Yes",0.0087952109671755,0.01421133720982,0.0269330117380517,-0.20564291346207
"55-69|T2|N0|M0|Yes|Yes","55-69","T2","N0","M0","Yes","Yes",0.0138492536896966,0.0223424090858889,0.042185426329122,0.250932181431589
">=70|T2|N0|M0|Yes|Yes",">=70","T2","N0","M0","Yes","Yes",0.0335697208924667,0.0538219420475594,0.1001530343268,1.14638489051964
"<55|T3|N0|M0|Yes|Yes","<55","T3","N0","M0","Yes","Yes",0.0159940803663884,0.0257852641695134,0.0486090422510591,0.39600544257773
"55-69|T3|N0|M0|Yes|Yes","55-69","T3","N0","M0","Yes","Yes",0.0251320764670467,0.0404013177224262,0.0756503230580705,0.852580537471389
">=70|T3|N0|M0|Yes|Yes",">=70","T3","N0","M0","Yes","Yes",0.0604187018658592,0.0960435786071295,0.175193491189621,1.74803324655944
"<55|T4|N0|M0|Yes|Yes","<55","T4","N0","M0","Yes","Yes",0.0258318479008715,0.041517100237231,0.0776993975045713,0.880401195815345
"55-69|T4|N0|M0|Yes|Yes","55-69","T4","N0","M0","Yes","Yes",0.0404737531881897,0.0647493523920903,0.119872318796908,1.336976290709
">=70|T4|N0|M0|Yes|Yes",">=70","T4","N0","M0","Yes","Yes",0.0962106397838992,0.151173597042775,0.268485051469641,2.23242899979706
"<55|T1|N1|M0|Yes|Yes","<55","T1","N1","M0","Yes","Yes",0.0177876241912813,0.02866067260593,0.053958164719796,0.503199300982489
"55-69|T1|N1|M0|Yes|Yes","55-69","T1","N1","M0","Yes","Yes",0.0279356952375249,0.0448686818598988,0.0838413856543855,0.959774395876148
">=70|T1|N1|M0|Yes|Yes",">=70","T1","N1","M0","Yes","Yes",0.0670209617561475,0.106312708939697,0.192974393325577,1.8552271049642
"<55|T2|N1|M0|Yes|Yes","<55","T2","N1","M0","Yes","Yes",0.0265960047477845,0.042734977312218,0.0799334935710089,0.909944684197505
"55-69|T2|N1|M0|Yes|Yes","55-69","T2","N1","M0","Yes","Yes",0.0416616942579003,0.0666246725881618,0.123235563703443,1.36651977909116
">=70|T2|N1|M0|Yes|Yes",">=70","T2","N1","M0","Yes","Yes",0.0989478360069477,0.155334863470052,0.275310376059028,2.26197248817922
"<55|T3|N1|M0|Yes|Yes","<55","T3","N1","M0","Yes","Yes",0.0480075780284912,0.0766180494510926,0.141054588330248,1.51159304023731
"55-69|T3|N1|M0|Yes|Yes","55-69","T3","N1","M0","Yes","Yes",0.0747276357623063,0.118242745091049,0.213399511074868,1.96816813513096
">=70|T3|N1|M0|Yes|Yes",">=70","T3","N1","M0","Yes","Yes",0.173176173065591,0.265164395948432,0.444402824979419,2.86362084421902
"<55|T4|N1|M0|Yes|Yes","<55","T4","N1","M0","Yes","Yes",0.0767527697994304,0.121367489084855,0.218708127932885,1.99598879347492
"55-69|T4|N1|M0|Yes|Yes","55-69","T4","N1","M0","Yes","Yes",0.118445826687308,0.184749830822492,0.322687840232774,2.45256388836858
">=70|T4|N1|M0|Yes|Yes",">=70","T4","N1","M0","Yes","Yes",0.265578709791468,0.393541994886602,0.614791346184696,3.34801659745664
"<55|T1|N0|M1|Yes|Yes","<55","T1","N0","M1","Yes","Yes",0.0368040958485526,0.0589472234994959,0.109427850674331,1.24003569399085
"55-69|T1|N0|M1|Yes|Yes","55-69","T1","N0","M1","Yes","Yes",0.0574791494830816,0.0914569719474063,0.167192286762174,1.69661078888451
">=70|T1|N0|M1|Yes|Yes",">=70","T1","N0","M1","Yes","Yes",0.134926771918393,0.209300815772495,0.361062696155458,2.59206349797257
"<55|T2|N0|M1|Yes|Yes","<55","T2","N0","M1","Yes","Yes",0.0547631460431396,0.087211276768587,0.159753047237404,1.64678107720587
"55-69|T2|N0|M1|Yes|Yes","55-69","T2","N0","M1","Yes","Yes",0.0850717315702298,0.134158884363368,0.240260995009898,2.10335617209953
">=70|T2|N0|M1|Yes|Yes",">=70","T2","N0","M1","Yes","Yes",0.195625404376738,0.29721748110755,0.489714147884893,2.99880888118758
"<55|T3|N0|M1|Yes|Yes","<55","T3","N0","M1","Yes","Yes",0.0976840651282055,0.153414568362613,0.272164483256532,2.24842943324567
"55-69|T3|N0|M1|Yes|Yes","55-69","T3","N0","M1","Yes","Yes",0.149789349194796,0.231193727707638,0.394383522659677,2.70500452813933
">=70|T3|N0|M1|Yes|Yes",">=70","T3","N0","M1","Yes","Yes",0.327875564686141,0.474673727855225,0.707097398276915,3.60045723722738
"<55|T4|N0|M1|Yes|Yes","<55","T4","N0","M1","Yes","Yes",0.15367261135756,0.236875022529431,0.402891568826016,2.73282518648328
"55-69|T4|N0|M1|Yes|Yes","55-69","T4","N0","M1","Yes","Yes",0.231563630783025,0.347382496979524,0.556937894900386,3.18940028137694
">=70|T4|N0|M1|Yes|Yes",">=70","T4","N0","M1","Yes","Yes",0.475292369239972,0.648275797467397,0.86373372084643,4.084852990465
"<55|T1|N1|M1|Yes|Yes","<55","T1","N1","M1","Yes","Yes",0.10811788613921,0.169218649801906,0.297862283955023,2.35562329165043
"55-69|T1|N1|M1|Yes|Yes","55-69","T1","N1","M1","Yes","Yes",0.165257612019796,0.253728082901237,0.42779276510644,2.81219838654409
">=70|T1|N1|M1|Yes|Yes",">=70","T1","N1","M1","Yes","Yes",0.357422356186235,0.511577493116282,0.745092303574306,3.70765109563214
"<55|T2|N1|M1|Yes|Yes","<55","T2","N1","M1","Yes","Yes",0.157896077188775,0.243035712898119,0.412052792603678,2.76236867486544
"55-69|T2|N1|M1|Yes|Yes","55-69","T2","N1","M1","Yes","Yes",0.237608662644197,0.355680311649855,0.567621469504079,3.2189437697591
">=70|T2|N1|M1|Yes|Yes",">=70","T2","N1","M1","Yes","Yes",0.485341299214595,0.659124742467295,0.8716388194435,4.11439647884716
"<55|T3|N1|M1|Yes|Yes","<55","T3","N1","M1","Yes","Yes",0.269226025134169,0.398414307750568,0.620673071622419,3.36401703090524
"55-69|T3|N1|M1|Yes|Yes","55-69","T3","N1","M1","Yes","Yes",0.390519152652976,0.55168193501018,0.783525579801053,3.8205921257989
">=70|T3|N1|M1|Yes|Yes",">=70","T3","N1","M1","Yes","Yes",0.702500142653975,0.859741746216784,0.976407157967882,4.71604483488696
"<55|T4|N1|M1|Yes|Yes","<55","T4","N1","M1","Yes","Yes",0.398973648601227,0.561714557883485,0.792672188701815,3.84841278414286
"55-69|T4|N1|M1|Yes|Yes","55-69","T4","N1","M1","Yes","Yes",0.552339799526265,0.728070134612373,0.916586562095799,4.30498787903652
">=70|T4|N1|M1|Yes|Yes",">=70","T4","N1","M1","Yes","Yes",0.860245139179736,0.958761826159922,0.997715943518037,5.20044058812457
